{
	"id": "f2c8016f-f12e-455c-a40f-b30e3246a61e",
	"name": "trouve_ta_voie",
	"values": [
		{
			"key": "url_base",
			"value": "http://localhost:8090",
			"enabled": true
		},
		{
			"key": "token",
			"value": "",
			"enabled": true
		},
		{
			"key": "id_usager_connecter",
			"value": "",
			"type": "any",
			"enabled": true
		},
		{
			"key": "tokenVide",
			"value": "",
			"type": "default",
			"enabled": true
		}
	],
	"_postman_variable_scope": "environment",
	"_postman_exported_at": "2022-12-08T22:29:11.101Z",
	"_postman_exported_using": "Postman/10.5.7"
}