{
	"info": {
		"_postman_id": "a170644d-4812-4517-bdca-719d84b98a05",
		"name": "trouve_ta_voie",
		"schema": "https://schema.getpostman.com/json/collection/v2.1.0/collection.json",
		"_exporter_id": "14837258"
	},
	"item": [
		{
			"name": "Auth test",
			"item": [
				{
					"name": "Connexion user format invalide",
					"event": [
						{
							"listen": "test",
							"script": {
								"exec": [
									"pm.test(\"Status code est 400 (bad request)\", () => {\r",
									"    pm.response.to.have.status(400);\r",
									"});\r",
									"\r",
									"pm.test(\"Body est vide, Pas de token retourner.\", () => {\r",
									"    pm.response.to.have.body(\"\");\r",
									"});\r",
									""
								],
								"type": "text/javascript"
							}
						}
					],
					"request": {
						"method": "POST",
						"header": [],
						"body": {
							"mode": "raw",
							"raw": "{\r\n    \"courriel\": \"z@as-2p.ca\",\r\n    \"mdp\": \"G@rn3♥\"\r\n}",
							"options": {
								"raw": {
									"language": "json"
								}
							}
						},
						"url": {
							"raw": "{{url_base}}/api/connexion",
							"host": [
								"{{url_base}}"
							],
							"path": [
								"api",
								"connexion"
							]
						}
					},
					"response": []
				},
				{
					"name": "Connexion user existe pas",
					"event": [
						{
							"listen": "test",
							"script": {
								"exec": [
									"pm.test(\"Status code est 401\", () => {\r",
									"    pm.response.to.have.status(401);\r",
									"});\r",
									"\r",
									"pm.test(\"Body est vide, Pas de token retourner.\", () => {\r",
									"    pm.response.to.have.body(\"\");\r",
									"});\r",
									""
								],
								"type": "text/javascript"
							}
						}
					],
					"request": {
						"method": "POST",
						"header": [],
						"body": {
							"mode": "raw",
							"raw": "{\r\n    \"courriel\": \"z@asp.ca\",\r\n    \"mdp\": \"G@rn3@u!\"\r\n}",
							"options": {
								"raw": {
									"language": "json"
								}
							}
						},
						"url": {
							"raw": "{{url_base}}/api/connexion",
							"host": [
								"{{url_base}}"
							],
							"path": [
								"api",
								"connexion"
							]
						}
					},
					"response": []
				},
				{
					"name": "Connexion admin réussie",
					"event": [
						{
							"listen": "test",
							"script": {
								"exec": [
									"pm.test(\"Status code est 201\", function () {\r",
									"    pm.response.to.have.status(201);\r",
									"});\r",
									"\r",
									"var response = pm.response.json();\r",
									"\r",
									"pm.test(\"Le Token n'est pas vide.\", function () {\r",
									"    pm.expect(response.token).not.eql(null);\r",
									"});\r",
									"\r",
									"pm.test(\"Vérification que le token retourner est différent.\", function () {\r",
									"    pm.expect(response.token).not.eql(pm.environment.get(\"token\"));\r",
									"});\r",
									"\r",
									"pm.environment.set(\"token\", response.token);\r",
									"\r",
									"pm.test(\"Le nom n'est pas vide.\", function () {\r",
									"    pm.expect(response.name).not.eql(null);\r",
									"});\r",
									"\r",
									"pm.test(\"Le id n'est pas vide.\", function () {\r",
									"    pm.expect(response.userId).not.eql(null);\r",
									"});\r",
									"\r",
									"pm.test(\"Le est admin.\", function () {\r",
									"    pm.expect(response.isAdmin).eql(true);\r",
									"});\r",
									"\r",
									"pm.environment.set(\"id_usager_connecter\", response.userId)\r",
									"pm.test(\"Vérification du Token a changer.\", function () {\r",
									"    pm.expect(response.token).to.eql(pm.environment.get(\"token\"));\r",
									"});\r",
									"\r",
									"pm.test(\"Content-Type est present\", function () {\r",
									"    pm.response.to.have.header(\"Content-Type\");\r",
									"});"
								],
								"type": "text/javascript"
							}
						}
					],
					"request": {
						"method": "POST",
						"header": [],
						"body": {
							"mode": "raw",
							"raw": "{\r\n    \"courriel\": \"admin@asp.ca\",\r\n    \"mdp\": \"G@rn3@u!\"\r\n}",
							"options": {
								"raw": {
									"language": "json"
								}
							}
						},
						"url": {
							"raw": "{{url_base}}/api/connexion",
							"host": [
								"{{url_base}}"
							],
							"path": [
								"api",
								"connexion"
							]
						}
					},
					"response": []
				},
				{
					"name": "Connexion réussie",
					"event": [
						{
							"listen": "test",
							"script": {
								"exec": [
									"pm.test(\"Status code est 201\", function () {\r",
									"    pm.response.to.have.status(201);\r",
									"});\r",
									"\r",
									"var response = pm.response.json();\r",
									"\r",
									"pm.test(\"Le Token n'est pas vide.\", function () {\r",
									"    pm.expect(response.token).not.eql(null);\r",
									"});\r",
									"\r",
									"pm.test(\"Vérification que le token retourner est différent.\", function () {\r",
									"    pm.expect(response.token).not.eql(pm.environment.get(\"token\"));\r",
									"});\r",
									"\r",
									"pm.environment.set(\"token\", response.token);\r",
									"\r",
									"pm.test(\"Le nom n'est pas vide.\", function () {\r",
									"    pm.expect(response.name).not.eql(null);\r",
									"});\r",
									"\r",
									"pm.test(\"Le id n'est pas vide.\", function () {\r",
									"    pm.expect(response.userId).not.eql(null);\r",
									"});\r",
									"\r",
									"pm.test(\"Le est pas admin.\", function () {\r",
									"    pm.expect(response.isAdmin).eql(false);\r",
									"});\r",
									"\r",
									"pm.environment.set(\"id_usager_connecter\", response.userId)\r",
									"pm.test(\"Vérification du Token a changer.\", function () {\r",
									"    pm.expect(response.token).to.eql(pm.environment.get(\"token\"));\r",
									"});\r",
									"\r",
									"pm.test(\"Content-Type est present\", function () {\r",
									"    pm.response.to.have.header(\"Content-Type\");\r",
									"});"
								],
								"type": "text/javascript"
							}
						}
					],
					"request": {
						"method": "POST",
						"header": [],
						"body": {
							"mode": "raw",
							"raw": "{\r\n    \"courriel\": \"a@asp.ca\",\r\n    \"mdp\": \"G@rn3@u!\"\r\n}",
							"options": {
								"raw": {
									"language": "json"
								}
							}
						},
						"url": {
							"raw": "{{url_base}}/api/connexion",
							"host": [
								"{{url_base}}"
							],
							"path": [
								"api",
								"connexion"
							]
						}
					},
					"response": []
				},
				{
					"name": "Validation token réussie",
					"event": [
						{
							"listen": "test",
							"script": {
								"exec": [
									"pm.test(\"Status code est 200\", function () {\r",
									"    pm.response.to.have.status(200);\r",
									"});\r",
									"\r",
									"var response = pm.response.json();\r",
									"\r",
									"pm.test(\"Vérification que le token retourner est différent.\", () => {\r",
									"    pm.expect(response.userId).eql(pm.environment.get(\"id_usager_connecter\"));\r",
									"});\r",
									"\r",
									"pm.test(\"Le nom n'est pas vide.\", function () {\r",
									"    pm.expect(response.name).not.eql(null);\r",
									"});\r",
									"\r",
									"pm.test(\"Le id n'est pas vide.\", function () {\r",
									"    pm.expect(response.userId).not.eql(null);\r",
									"});\r",
									"\r",
									"pm.test(\"Le est admin n'est pas vide.\", function () {\r",
									"    pm.expect(response.isAdmin).not.eql(null);\r",
									"});\r",
									"\r",
									"pm.test(\"Content-Type est present\", function () {\r",
									"    pm.response.to.have.header(\"Content-Type\");\r",
									"});"
								],
								"type": "text/javascript"
							}
						}
					],
					"request": {
						"auth": {
							"type": "bearer",
							"bearer": [
								{
									"key": "token",
									"value": "{{token}}",
									"type": "string"
								}
							]
						},
						"method": "POST",
						"header": [],
						"url": {
							"raw": "{{url_base}}/api/valideToken",
							"host": [
								"{{url_base}}"
							],
							"path": [
								"api",
								"valideToken"
							]
						}
					},
					"response": []
				},
				{
					"name": "Inscription format invalide",
					"event": [
						{
							"listen": "test",
							"script": {
								"exec": [
									"pm.test(\"Status code est 400\", () => {\r",
									"    pm.response.to.have.status(400);\r",
									"});\r",
									"\r",
									"pm.test(\"Body est vide\", () => {\r",
									"    pm.response.to.have.body(\"\");\r",
									"});\r",
									""
								],
								"type": "text/javascript"
							}
						}
					],
					"request": {
						"auth": {
							"type": "noauth"
						},
						"method": "POST",
						"header": [],
						"body": {
							"mode": "raw",
							"raw": "{\r\n    \"courriel\": \"y@asp.ca\",\r\n    \"nom\": \"Roger 2\",\r\n    \"mdp\": \"G@rn3@u!♥\",\r\n    \"mdpConf\": \"G@rn3@u!\"\r\n}",
							"options": {
								"raw": {
									"language": "json"
								}
							}
						},
						"url": {
							"raw": "{{url_base}}/api/inscription",
							"host": [
								"{{url_base}}"
							],
							"path": [
								"api",
								"inscription"
							]
						}
					},
					"response": []
				},
				{
					"name": "Inscription user déjà existant",
					"event": [
						{
							"listen": "test",
							"script": {
								"exec": [
									"pm.test(\"Status code est 400\", () => {\r",
									"    pm.response.to.have.status(400);\r",
									"});\r",
									"\r",
									"var response = pm.response.json();\r",
									"\r",
									"pm.test(\"body pas vide\", function () {\r",
									"    pm.expect(response).not.eql(null);\r",
									"});\r",
									"\r",
									"pm.test(\"msg erreur = Courriel déjà utilisé !\", function () {\r",
									"    pm.expect(response.err).eql(\"Courriel déjà utilisé !\");\r",
									"});\r",
									"\r",
									"pm.test(\"Content-Type est present\", function () {\r",
									"    pm.response.to.have.header(\"Content-Type\");\r",
									"});"
								],
								"type": "text/javascript"
							}
						}
					],
					"request": {
						"auth": {
							"type": "noauth"
						},
						"method": "POST",
						"header": [],
						"body": {
							"mode": "raw",
							"raw": "{\r\n    \"courriel\": \"a@asp.ca\",\r\n    \"nom\": \"A asp\",\r\n    \"mdp\": \"G@rn3@u!\",\r\n    \"mdpConf\": \"G@rn3@u!\"\r\n}",
							"options": {
								"raw": {
									"language": "json"
								}
							}
						},
						"url": {
							"raw": "{{url_base}}/api/inscription",
							"host": [
								"{{url_base}}"
							],
							"path": [
								"api",
								"inscription"
							]
						}
					},
					"response": []
				}
			]
		},
		{
			"name": "Lieux test",
			"item": [
				{
					"name": "Consulter lieux drop réussie",
					"event": [
						{
							"listen": "test",
							"script": {
								"exec": [
									"pm.test(\"Status code est 200\", () => {\r",
									"    pm.response.to.have.status(200);\r",
									"});\r",
									"\r",
									"var response = pm.response.json();\r",
									"\r",
									"pm.test(\"body n'est pas vide\", function () {\r",
									"    pm.expect(response).not.eql(null);\r",
									"});\r",
									"\r",
									"pm.test(\"Content-Type est present\", function () {\r",
									"    pm.response.to.have.header(\"Content-Type\");\r",
									"});"
								],
								"type": "text/javascript"
							}
						}
					],
					"request": {
						"method": "GET",
						"header": [],
						"url": {
							"raw": "{{url_base}}/api/lieux/dropFormat",
							"host": [
								"{{url_base}}"
							],
							"path": [
								"api",
								"lieux",
								"dropFormat"
							]
						}
					},
					"response": []
				},
				{
					"name": "consulter lieu détails existe pas",
					"event": [
						{
							"listen": "test",
							"script": {
								"exec": [
									"pm.test(\"Status code est 404\", () => {\r",
									"    pm.response.to.have.status(404);\r",
									"});\r",
									"\r",
									"pm.test(\"Body est vide\", () => {\r",
									"    pm.response.to.have.body(\"\");\r",
									"});"
								],
								"type": "text/javascript"
							}
						}
					],
					"request": {
						"method": "GET",
						"header": [],
						"url": {
							"raw": "{{url_base}}/api/lieu/details/:id",
							"host": [
								"{{url_base}}"
							],
							"path": [
								"api",
								"lieu",
								"details",
								":id"
							],
							"variable": [
								{
									"key": "id",
									"value": "3214124"
								}
							]
						}
					},
					"response": []
				},
				{
					"name": "consulter lieu détails existant",
					"event": [
						{
							"listen": "test",
							"script": {
								"exec": [
									"pm.test(\"Status code est 200\", () => {\r",
									"    pm.response.to.have.status(200);\r",
									"});\r",
									"\r",
									"pm.test(\"Body n'est pas vide\", () => {\r",
									"    pm.expect(pm.response).not.be.undefined;\r",
									"});\r",
									"\r",
									"var response = pm.response.json();\r",
									"\r",
									"pm.test(\"lieu n'est pas vide.\", function () {\r",
									"    pm.expect(response.lieu).not.eql(null);\r",
									"});\r",
									"\r",
									"pm.test(\"lieu id n'est pas vide.\", function () {\r",
									"    pm.expect(response.lieu.id).not.eql(null);\r",
									"});\r",
									"\r",
									"pm.test(\"lieu titre n'est pas vide.\", function () {\r",
									"    pm.expect(response.lieu.titre).not.eql(null);\r",
									"});\r",
									"\r",
									"pm.test(\"lieu utilisateurId n'est pas vide.\", function () {\r",
									"    pm.expect(response.lieu.utilisateurId).not.eql(null);\r",
									"});\r",
									"\r",
									"pm.test(\"totalGrimpe n'est pas vide.\", function () {\r",
									"    pm.expect(response.totalGrimpe).not.eql(null);\r",
									"});\r",
									"\r",
									"pm.test(\"grimpeStyle n'est pas vide.\", function () {\r",
									"    pm.expect(response.grimpeStyle).not.eql(null);\r",
									"});\r",
									"\r",
									"pm.test(\"grimpeDiff n'est pas vide.\", function () {\r",
									"    pm.expect(response.grimpeDiff).not.eql(null);\r",
									"});\r",
									"\r",
									"pm.test(\"grimpes n'est pas vide.\", function () {\r",
									"    pm.expect(response.grimpes).not.eql(null);\r",
									"});\r",
									"\r",
									"pm.test(\"Content-Type est present\", function () {\r",
									"    pm.response.to.have.header(\"Content-Type\");\r",
									"});"
								],
								"type": "text/javascript"
							}
						}
					],
					"request": {
						"method": "GET",
						"header": [],
						"url": {
							"raw": "{{url_base}}/api/lieu/details/:id",
							"host": [
								"{{url_base}}"
							],
							"path": [
								"api",
								"lieu",
								"details",
								":id"
							],
							"variable": [
								{
									"key": "id",
									"value": "1"
								}
							]
						}
					},
					"response": []
				},
				{
					"name": "Consulter lieu réussie",
					"event": [
						{
							"listen": "test",
							"script": {
								"exec": [
									"pm.test(\"Status code est 200\", () => {\r",
									"    pm.response.to.have.status(200);\r",
									"});\r",
									"\r",
									"pm.test(\"Body n'est pas vide\", () => {\r",
									"    pm.expect(pm.response).not.be.undefined;\r",
									"});\r",
									"\r",
									"var response = pm.response.json();\r",
									"\r",
									"pm.test(\"id n'est pas vide.\", function () {\r",
									"    pm.expect(response.id).not.eql(null);\r",
									"});\r",
									"\r",
									"pm.test(\"titre n'est pas vide.\", function () {\r",
									"    pm.expect(response.titre).not.eql(null);\r",
									"});\r",
									"\r",
									"pm.test(\"description n'est pas vide.\", function () {\r",
									"    pm.expect(response.description).not.eql(null);\r",
									"});\r",
									"\r",
									"pm.test(\"directives n'est pas vide.\", function () {\r",
									"    pm.expect(response.directives).not.eql(null);\r",
									"});\r",
									"\r",
									"pm.test(\"latitude n'est pas vide.\", function () {\r",
									"    pm.expect(response.latitude).not.eql(null);\r",
									"});\r",
									"\r",
									"pm.test(\"longitude n'est pas vide.\", function () {\r",
									"    pm.expect(response.longitude).not.eql(null);\r",
									"});\r",
									"\r",
									"pm.test(\"utilisateurId n'est pas vide.\", function () {\r",
									"    pm.expect(response.utilisateurId).not.eql(null);\r",
									"});\r",
									"\r",
									"pm.test(\"Content-Type est present\", function () {\r",
									"    pm.response.to.have.header(\"Content-Type\");\r",
									"});\r",
									"\r",
									"pm.test(\"Vérification content-type = application/json; charset=utf-8\", function () {\r",
									"    var contentType = pm.response.headers.get(\"Content-Type\");\r",
									"    pm.expect(contentType).to.eql(\"application/json; charset=utf-8\");\r",
									"});"
								],
								"type": "text/javascript"
							}
						}
					],
					"request": {
						"method": "GET",
						"header": [],
						"url": {
							"raw": "{{url_base}}/api/lieu/:id",
							"host": [
								"{{url_base}}"
							],
							"path": [
								"api",
								"lieu",
								":id"
							],
							"variable": [
								{
									"key": "id",
									"value": "1"
								}
							]
						}
					},
					"response": []
				},
				{
					"name": "Supprimer lieu pas admin",
					"event": [
						{
							"listen": "test",
							"script": {
								"exec": [
									"pm.test(\"Status code est 403 (forbidden)\", () => {\r",
									"    pm.response.to.have.status(403);\r",
									"});\r",
									"\r",
									"pm.test(\"Body est vide\", () => {\r",
									"    pm.response.to.have.body(\"\");\r",
									"});\r",
									""
								],
								"type": "text/javascript"
							}
						}
					],
					"request": {
						"auth": {
							"type": "bearer",
							"bearer": [
								{
									"key": "token",
									"value": "{{token}}",
									"type": "string"
								}
							]
						},
						"method": "DELETE",
						"header": [],
						"url": {
							"raw": "{{url_base}}/api/lieu/:id",
							"host": [
								"{{url_base}}"
							],
							"path": [
								"api",
								"lieu",
								":id"
							],
							"variable": [
								{
									"key": "id",
									"value": "352"
								}
							]
						}
					},
					"response": []
				},
				{
					"name": "Supprimer lieu pas auth",
					"event": [
						{
							"listen": "test",
							"script": {
								"exec": [
									"pm.test(\"Status code est 401)\", () => {\r",
									"    pm.response.to.have.status(401);\r",
									"});\r",
									"\r",
									"pm.test(\"Body est vide\", () => {\r",
									"    pm.response.to.have.body(\"\");\r",
									"});"
								],
								"type": "text/javascript"
							}
						}
					],
					"request": {
						"auth": {
							"type": "bearer",
							"bearer": [
								{
									"key": "token",
									"value": "{{tokenVide}}",
									"type": "string"
								}
							]
						},
						"method": "DELETE",
						"header": [],
						"url": {
							"raw": "{{url_base}}/api/lieu/:id",
							"host": [
								"{{url_base}}"
							],
							"path": [
								"api",
								"lieu",
								":id"
							],
							"variable": [
								{
									"key": "id",
									"value": "352"
								}
							]
						}
					},
					"response": []
				},
				{
					"name": "cree un lieu pas auth",
					"event": [
						{
							"listen": "test",
							"script": {
								"exec": [
									"pm.test(\"Status code est 401\", () => {\r",
									"    pm.response.to.have.status(401);\r",
									"});\r",
									"\r",
									"pm.test(\"Body est vide\", () => {\r",
									"    pm.response.to.have.body(\"\");\r",
									"});"
								],
								"type": "text/javascript"
							}
						}
					],
					"request": {
						"auth": {
							"type": "bearer",
							"bearer": [
								{
									"key": "token",
									"value": "{{tokenVide}}",
									"type": "string"
								}
							]
						},
						"method": "POST",
						"header": [],
						"body": {
							"mode": "raw",
							"raw": "{\r\n    \"titre\": \"UnTitre\",\r\n    \"description\": \"UneDescription\",\r\n    \"directives\": \"UneDirective\",\r\n    \"latitude\": 2,\r\n    \"longitude\": 2,\r\n    \"utilisateurId\": 1\r\n}",
							"options": {
								"raw": {
									"language": "json"
								}
							}
						},
						"url": {
							"raw": "{{url_base}}/api/lieu/create",
							"host": [
								"{{url_base}}"
							],
							"path": [
								"api",
								"lieu",
								"create"
							]
						}
					},
					"response": []
				},
				{
					"name": "modifier lieu pas auth",
					"event": [
						{
							"listen": "test",
							"script": {
								"exec": [
									"pm.test(\"Status code est 401\", () => {\r",
									"    pm.response.to.have.status(401);\r",
									"});\r",
									"\r",
									"pm.test(\"Body est vide\", () => {\r",
									"    pm.response.to.have.body(\"\");\r",
									"});"
								],
								"type": "text/javascript"
							}
						}
					],
					"request": {
						"auth": {
							"type": "bearer",
							"bearer": [
								{
									"key": "token",
									"value": "{{tokenVide}}",
									"type": "string"
								}
							]
						},
						"method": "PUT",
						"header": [],
						"body": {
							"mode": "raw",
							"raw": "{\r\n    \"id\": 1,\r\n    \"titre\": \"Nouveau titre\",\r\n    \"description\": \"Nouvel description\",\r\n    \"directives\": \"Nouvel directive\",\r\n    \"latitude\": 60.123123,\r\n    \"longitude\": -60.312345\r\n}",
							"options": {
								"raw": {
									"language": "json"
								}
							}
						},
						"url": {
							"raw": "{{url_base}}/api/lieu/:id",
							"host": [
								"{{url_base}}"
							],
							"path": [
								"api",
								"lieu",
								":id"
							],
							"variable": [
								{
									"key": "id",
									"value": null
								}
							]
						}
					},
					"response": []
				},
				{
					"name": "Connexion réussie",
					"event": [
						{
							"listen": "test",
							"script": {
								"exec": [
									"pm.test(\"Status code est 201\", function () {\r",
									"    pm.response.to.have.status(201);\r",
									"});\r",
									"\r",
									"var response = pm.response.json();\r",
									"\r",
									"pm.test(\"Le Token n'est pas vide.\", function () {\r",
									"    pm.expect(response.token).not.eql(null);\r",
									"});\r",
									"\r",
									"pm.test(\"Vérification que le token retourner est différent.\", function () {\r",
									"    pm.expect(response.token).not.eql(pm.environment.get(\"token\"));\r",
									"});\r",
									"\r",
									"pm.environment.set(\"token\", response.token);\r",
									"\r",
									"pm.test(\"Le nom n'est pas vide.\", function () {\r",
									"    pm.expect(response.name).not.eql(null);\r",
									"});\r",
									"\r",
									"pm.test(\"Le id n'est pas vide.\", function () {\r",
									"    pm.expect(response.userId).not.eql(null);\r",
									"});\r",
									"\r",
									"pm.environment.set(\"id_usager_connecter\", response.userId)\r",
									"pm.test(\"Vérification du Token a changer.\", function () {\r",
									"    pm.expect(response.token).to.eql(pm.environment.get(\"token\"));\r",
									"});\r",
									"\r",
									"pm.test(\"Content-Type est present\", function () {\r",
									"    pm.response.to.have.header(\"Content-Type\");\r",
									"});"
								],
								"type": "text/javascript"
							}
						}
					],
					"request": {
						"method": "POST",
						"header": [],
						"body": {
							"mode": "raw",
							"raw": "{\r\n    \"courriel\": \"a@asp.ca\",\r\n    \"mdp\": \"G@rn3@u!\"\r\n}",
							"options": {
								"raw": {
									"language": "json"
								}
							}
						},
						"url": {
							"raw": "{{url_base}}/api/connexion",
							"host": [
								"{{url_base}}"
							],
							"path": [
								"api",
								"connexion"
							]
						}
					},
					"response": []
				},
				{
					"name": "modifier lieu existe pas",
					"event": [
						{
							"listen": "test",
							"script": {
								"exec": [
									"pm.test(\"Status code est 404\", () => {\r",
									"    pm.response.to.have.status(404);\r",
									"});\r",
									"\r",
									"pm.test(\"Body est vide\", () => {\r",
									"    pm.response.to.have.body(\"\");\r",
									"});"
								],
								"type": "text/javascript"
							}
						}
					],
					"request": {
						"auth": {
							"type": "bearer",
							"bearer": [
								{
									"key": "token",
									"value": "{{token}}",
									"type": "string"
								}
							]
						},
						"method": "PUT",
						"header": [],
						"body": {
							"mode": "raw",
							"raw": "{\r\n    \"id\": 1000,\r\n    \"titre\": \"Nouveau titre\",\r\n    \"description\": \"Nouvel description\",\r\n    \"directives\": \"Nouvel directive\",\r\n    \"latitude\": 60.123123,\r\n    \"longitude\": -60.312345\r\n}",
							"options": {
								"raw": {
									"language": "json"
								}
							}
						},
						"url": {
							"raw": "{{url_base}}/api/lieu/:id",
							"host": [
								"{{url_base}}"
							],
							"path": [
								"api",
								"lieu",
								":id"
							],
							"variable": [
								{
									"key": "id",
									"value": "1000"
								}
							]
						}
					},
					"response": []
				},
				{
					"name": "modifier lieu pas a lui",
					"event": [
						{
							"listen": "test",
							"script": {
								"exec": [
									"pm.test(\"Status code est 403\", () => {\r",
									"    pm.response.to.have.status(403);\r",
									"});\r",
									"\r",
									"pm.test(\"Body est vide\", () => {\r",
									"    pm.response.to.have.body(\"\");\r",
									"});"
								],
								"type": "text/javascript"
							}
						}
					],
					"request": {
						"auth": {
							"type": "bearer",
							"bearer": [
								{
									"key": "token",
									"value": "{{token}}",
									"type": "string"
								}
							]
						},
						"method": "PUT",
						"header": [],
						"body": {
							"mode": "raw",
							"raw": "{\r\n    \"id\": 3,\r\n    \"titre\": \"Nouveau titre\",\r\n    \"description\": \"Nouvel description\",\r\n    \"directives\": \"Nouvel directive\",\r\n    \"latitude\": 60.123123,\r\n    \"longitude\": -60.312345\r\n}",
							"options": {
								"raw": {
									"language": "json"
								}
							}
						},
						"url": {
							"raw": "{{url_base}}/api/lieu/:id",
							"host": [
								"{{url_base}}"
							],
							"path": [
								"api",
								"lieu",
								":id"
							],
							"variable": [
								{
									"key": "id",
									"value": "1000"
								}
							]
						}
					},
					"response": []
				},
				{
					"name": "Consulter lieux user auth",
					"event": [
						{
							"listen": "test",
							"script": {
								"exec": [
									"pm.test(\"Status code est 200\", () => {\r",
									"    pm.response.to.have.status(200);\r",
									"});\r",
									"\r",
									"var response = pm.response.json();\r",
									"\r",
									"pm.test(\"Response n'est pas vide.\", function () {\r",
									"    pm.expect(response).not.eql(null);\r",
									"});\r",
									"\r",
									"pm.test(\"Content-Type est present\", function () {\r",
									"    pm.response.to.have.header(\"Content-Type\");\r",
									"});\r",
									""
								],
								"type": "text/javascript"
							}
						}
					],
					"request": {
						"auth": {
							"type": "bearer",
							"bearer": [
								{
									"key": "token",
									"value": "{{token}}",
									"type": "string"
								}
							]
						},
						"method": "GET",
						"header": [],
						"url": {
							"raw": "{{url_base}}/api/lieux/:id",
							"host": [
								"{{url_base}}"
							],
							"path": [
								"api",
								"lieux",
								":id"
							],
							"variable": [
								{
									"key": "id",
									"value": "{{id_usager_connecter}}"
								}
							]
						}
					},
					"response": []
				},
				{
					"name": "Consulter lieux d'un autre user",
					"event": [
						{
							"listen": "test",
							"script": {
								"exec": [
									"pm.test(\"Status code est 403\", () => {\r",
									"    pm.response.to.have.status(403);\r",
									"});\r",
									"\r",
									"pm.test(\"Body est vide\", () => {\r",
									"    pm.response.to.have.body(\"\");\r",
									"});"
								],
								"type": "text/javascript"
							}
						}
					],
					"request": {
						"auth": {
							"type": "bearer",
							"bearer": [
								{
									"key": "token",
									"value": "{{token}}",
									"type": "string"
								}
							]
						},
						"method": "GET",
						"header": [],
						"url": {
							"raw": "{{url_base}}/api/lieux/:id",
							"host": [
								"{{url_base}}"
							],
							"path": [
								"api",
								"lieux",
								":id"
							],
							"variable": [
								{
									"key": "id",
									"value": "4"
								}
							]
						}
					},
					"response": []
				},
				{
					"name": "Consulter lieux d'un user pas auth",
					"event": [
						{
							"listen": "test",
							"script": {
								"exec": [
									"pm.test(\"Status code est 401\", () => {\r",
									"    pm.response.to.have.status(401);\r",
									"});\r",
									"\r",
									"pm.test(\"Body est vide\", () => {\r",
									"    pm.response.to.have.body(\"\");\r",
									"});"
								],
								"type": "text/javascript"
							}
						}
					],
					"request": {
						"auth": {
							"type": "bearer",
							"bearer": [
								{
									"key": "token",
									"value": "{{tokenVide}}",
									"type": "string"
								}
							]
						},
						"method": "GET",
						"header": [],
						"url": {
							"raw": "{{url_base}}/api/lieux/:id",
							"host": [
								"{{url_base}}"
							],
							"path": [
								"api",
								"lieux",
								":id"
							],
							"variable": [
								{
									"key": "id",
									"value": "4"
								}
							]
						}
					},
					"response": []
				},
				{
					"name": "Consulter lieu pour un user pas auth",
					"event": [
						{
							"listen": "test",
							"script": {
								"exec": [
									"pm.test(\"Status code est 401\", () => {\r",
									"    pm.response.to.have.status(401);\r",
									"});\r",
									"\r",
									"pm.test(\"Body est vide\", () => {\r",
									"    pm.response.to.have.body(\"\");\r",
									"});"
								],
								"type": "text/javascript"
							}
						}
					],
					"request": {
						"auth": {
							"type": "bearer",
							"bearer": [
								{
									"key": "token",
									"value": "{{tokenVide}}",
									"type": "string"
								}
							]
						},
						"method": "GET",
						"header": [],
						"url": {
							"raw": "{{url_base}}/api/lieu/:userId/:id",
							"host": [
								"{{url_base}}"
							],
							"path": [
								"api",
								"lieu",
								":userId",
								":id"
							],
							"variable": [
								{
									"key": "userId",
									"value": "1"
								},
								{
									"key": "id",
									"value": "1"
								}
							]
						}
					},
					"response": []
				},
				{
					"name": "Consulter lieu pour un user auth",
					"event": [
						{
							"listen": "test",
							"script": {
								"exec": [
									"pm.test(\"Status code est 200\", () => {\r",
									"    pm.response.to.have.status(200);\r",
									"});\r",
									"\r",
									"pm.test(\"Body n'est pas vide\", () => {\r",
									"    pm.expect(pm.response).not.be.undefined;\r",
									"});\r",
									"\r",
									"var response = pm.response.json();\r",
									"\r",
									"pm.test(\"id n'est pas vide.\", function () {\r",
									"    pm.expect(response.id).not.eql(null);\r",
									"});\r",
									"\r",
									"pm.test(\"titre n'est pas vide.\", function () {\r",
									"    pm.expect(response.titre).not.eql(null);\r",
									"});\r",
									"\r",
									"pm.test(\"description n'est pas vide.\", function () {\r",
									"    pm.expect(response.description).not.eql(null);\r",
									"});\r",
									"\r",
									"pm.test(\"directives n'est pas vide.\", function () {\r",
									"    pm.expect(response.directives).not.eql(null);\r",
									"});\r",
									"\r",
									"pm.test(\"latitude n'est pas vide.\", function () {\r",
									"    pm.expect(response.latitude).not.eql(null);\r",
									"});\r",
									"\r",
									"pm.test(\"longitude n'est pas vide.\", function () {\r",
									"    pm.expect(response.longitude).not.eql(null);\r",
									"});\r",
									"\r",
									"pm.test(\"utilisateurId n'est pas vide.\", function () {\r",
									"    pm.expect(response.utilisateurId).not.eql(null);\r",
									"});\r",
									"\r",
									"pm.test(\"Content-Type est present\", function () {\r",
									"    pm.response.to.have.header(\"Content-Type\");\r",
									"});"
								],
								"type": "text/javascript"
							}
						}
					],
					"request": {
						"auth": {
							"type": "bearer",
							"bearer": [
								{
									"key": "token",
									"value": "{{token}}",
									"type": "string"
								}
							]
						},
						"method": "GET",
						"header": [],
						"url": {
							"raw": "{{url_base}}/api/lieu/:userId/:id",
							"host": [
								"{{url_base}}"
							],
							"path": [
								"api",
								"lieu",
								":userId",
								":id"
							],
							"variable": [
								{
									"key": "userId",
									"value": "{{id_usager_connecter}}"
								},
								{
									"key": "id",
									"value": "1"
								}
							]
						}
					},
					"response": []
				},
				{
					"name": "Consulter lieu existe pas pour un user auth",
					"event": [
						{
							"listen": "test",
							"script": {
								"exec": [
									"pm.test(\"Status code est 404\", () => {\r",
									"    pm.response.to.have.status(404);\r",
									"});\r",
									"\r",
									"pm.test(\"Body est vide\", () => {\r",
									"    pm.response.to.have.body(\"\");\r",
									"});\r",
									""
								],
								"type": "text/javascript"
							}
						}
					],
					"request": {
						"auth": {
							"type": "bearer",
							"bearer": [
								{
									"key": "token",
									"value": "{{token}}",
									"type": "string"
								}
							]
						},
						"method": "GET",
						"header": [],
						"url": {
							"raw": "{{url_base}}/api/lieu/:userId/:id",
							"host": [
								"{{url_base}}"
							],
							"path": [
								"api",
								"lieu",
								":userId",
								":id"
							],
							"variable": [
								{
									"key": "userId",
									"value": "{{id_usager_connecter}}"
								},
								{
									"key": "id",
									"value": "100"
								}
							]
						}
					},
					"response": []
				}
			]
		},
		{
			"name": "Grimpes test",
			"item": [
				{
					"name": "Consulter grimpe details existe pas",
					"event": [
						{
							"listen": "test",
							"script": {
								"exec": [
									"pm.test(\"Status code est 404\", () => {\r",
									"    pm.response.to.have.status(404);\r",
									"});\r",
									"\r",
									"pm.test(\"Body est vide\", () => {\r",
									"    pm.response.to.have.body(\"\");\r",
									"});\r",
									""
								],
								"type": "text/javascript"
							}
						}
					],
					"request": {
						"method": "GET",
						"header": [],
						"url": {
							"raw": "{{url_base}}/api/grimpe/details/:id",
							"host": [
								"{{url_base}}"
							],
							"path": [
								"api",
								"grimpe",
								"details",
								":id"
							],
							"variable": [
								{
									"key": "id",
									"value": "123132"
								}
							]
						}
					},
					"response": []
				},
				{
					"name": "Consulter grimpe details existant",
					"event": [
						{
							"listen": "test",
							"script": {
								"exec": [
									"pm.test(\"Status code est 200\", () => {\r",
									"    pm.response.to.have.status(200);\r",
									"});\r",
									"\r",
									"pm.test(\"Body n'est pas vide\", () => {\r",
									"    pm.expect(pm.response).not.be.undefined;\r",
									"});\r",
									"\r",
									"var response = pm.response.json();\r",
									"\r",
									"pm.test(\"id n'est pas vide.\", function () {\r",
									"    pm.expect(response.id).not.eql(null);\r",
									"});\r",
									"\r",
									"pm.test(\"titre n'est pas vide.\", function () {\r",
									"    pm.expect(response.titre).not.eql(null);\r",
									"});\r",
									"\r",
									"pm.test(\"style n'est pas vide.\", function () {\r",
									"    pm.expect(response.style).not.eql(null);\r",
									"});\r",
									"\r",
									"pm.test(\"description n'est pas vide.\", function () {\r",
									"    pm.expect(response.description).not.eql(null);\r",
									"});\r",
									"\r",
									"pm.test(\"difficulte n'est pas vide.\", function () {\r",
									"    pm.expect(response.difficulte).not.eql(null);\r",
									"});\r",
									"\r",
									"pm.test(\"nbEtoiles n'est pas vide.\", function () {\r",
									"    pm.expect(response.nbEtoiles).not.eql(null);\r",
									"});\r",
									"\r",
									"pm.test(\"nbVotes n'est pas vide.\", function () {\r",
									"    pm.expect(response.nbVotes).not.eql(null);\r",
									"});\r",
									"\r",
									"pm.test(\"utilisateurId n'est pas vide.\", function () {\r",
									"    pm.expect(response.utilisateurId).not.eql(null);\r",
									"});\r",
									"\r",
									"pm.test(\"lieuxId n'est pas vide.\", function () {\r",
									"    pm.expect(response.lieuxId).not.eql(null);\r",
									"});\r",
									"\r",
									"pm.test(\"images n'est pas vide.\", function () {\r",
									"    pm.expect(response.images).not.eql(null);\r",
									"});\r",
									"\r",
									"pm.test(\"lieux n'est pas vide.\", function () {\r",
									"    pm.expect(response.lieux).not.eql(null);\r",
									"});\r",
									"\r",
									"pm.test(\"lieux id n'est pas vide.\", function () {\r",
									"    pm.expect(response.lieux.id).not.eql(null);\r",
									"});\r",
									"\r",
									"pm.test(\"Les 2 lieux id sont egale\", function () {\r",
									"    pm.expect(response.lieux.id).eql(response.lieuxId);\r",
									"});\r",
									"\r",
									"pm.test(\"votes n'est pas vide.\", function () {\r",
									"    pm.expect(response.votes).not.eql(null);\r",
									"});\r",
									"\r",
									"pm.test(\"Content-Type est present\", function () {\r",
									"    pm.response.to.have.header(\"Content-Type\");\r",
									"});"
								],
								"type": "text/javascript"
							}
						}
					],
					"request": {
						"method": "GET",
						"header": [],
						"url": {
							"raw": "{{url_base}}/api/grimpe/details/:id",
							"host": [
								"{{url_base}}"
							],
							"path": [
								"api",
								"grimpe",
								"details",
								":id"
							],
							"variable": [
								{
									"key": "id",
									"value": "1"
								}
							]
						}
					},
					"response": []
				},
				{
					"name": "Consulter grimpes top 10 réussie",
					"event": [
						{
							"listen": "test",
							"script": {
								"exec": [
									"pm.test(\"Status code est 200\", () => {\r",
									"    pm.response.to.have.status(200);\r",
									"});\r",
									"\r",
									"pm.test(\"Body n'est pas vide\", () => {\r",
									"    pm.expect(pm.response).not.be.undefined;\r",
									"});\r",
									"\r",
									"pm.test(\"Content-Type est present\", function () {\r",
									"    pm.response.to.have.header(\"Content-Type\");\r",
									"});"
								],
								"type": "text/javascript"
							}
						}
					],
					"request": {
						"method": "GET",
						"header": [],
						"url": {
							"raw": "{{url_base}}/api/grimpes/top10",
							"host": [
								"{{url_base}}"
							],
							"path": [
								"api",
								"grimpes",
								"top10"
							]
						}
					},
					"response": []
				},
				{
					"name": "Consulter grimpe pour user auth",
					"event": [
						{
							"listen": "test",
							"script": {
								"exec": [
									"pm.test(\"Status code est 200\", () => {\r",
									"    pm.response.to.have.status(200);\r",
									"});\r",
									"\r",
									"pm.test(\"Body n'est pas vide\", () => {\r",
									"    pm.expect(pm.response).not.be.undefined;\r",
									"});\r",
									"\r",
									"var response = pm.response.json();\r",
									"\r",
									"pm.test(\"id n'est pas vide.\", function () {\r",
									"    pm.expect(response.id).not.eql(null);\r",
									"});\r",
									"\r",
									"pm.test(\"titre n'est pas vide.\", function () {\r",
									"    pm.expect(response.titre).not.eql(null);\r",
									"});\r",
									"\r",
									"pm.test(\"style n'est pas vide.\", function () {\r",
									"    pm.expect(response.style).not.eql(null);\r",
									"});\r",
									"\r",
									"pm.test(\"description n'est pas vide.\", function () {\r",
									"    pm.expect(response.description).not.eql(null);\r",
									"});\r",
									"\r",
									"pm.test(\"difficulte n'est pas vide.\", function () {\r",
									"    pm.expect(response.difficulte).not.eql(null);\r",
									"});\r",
									"\r",
									"pm.test(\"nbEtoiles n'est pas vide.\", function () {\r",
									"    pm.expect(response.nbEtoiles).not.eql(null);\r",
									"});\r",
									"\r",
									"pm.test(\"nbVotes n'est pas vide.\", function () {\r",
									"    pm.expect(response.nbVotes).not.eql(null);\r",
									"});\r",
									"\r",
									"pm.test(\"utilisateurId n'est pas vide.\", function () {\r",
									"    pm.expect(response.utilisateurId).not.eql(null);\r",
									"});\r",
									"\r",
									"pm.test(\"lieuxId n'est pas vide.\", function () {\r",
									"    pm.expect(response.lieuxId).not.eql(null);\r",
									"});\r",
									"\r",
									"pm.test(\"images n'est pas vide.\", function () {\r",
									"    pm.expect(response.images).not.eql(null);\r",
									"});\r",
									"\r",
									"pm.test(\"lieux n'est pas vide.\", function () {\r",
									"    pm.expect(response.lieux).not.eql(null);\r",
									"});\r",
									"\r",
									"\r",
									"pm.test(\"votes n'est pas vide.\", function () {\r",
									"    pm.expect(response.votes).not.eql(null);\r",
									"});\r",
									"\r",
									"pm.test(\"Content-Type est present\", function () {\r",
									"    pm.response.to.have.header(\"Content-Type\");\r",
									"});"
								],
								"type": "text/javascript"
							}
						}
					],
					"request": {
						"auth": {
							"type": "bearer",
							"bearer": [
								{
									"key": "token",
									"value": "{{token}}",
									"type": "string"
								}
							]
						},
						"method": "GET",
						"header": [],
						"url": {
							"raw": "{{url_base}}/api/grimpes/:userId",
							"host": [
								"{{url_base}}"
							],
							"path": [
								"api",
								"grimpes",
								":userId"
							],
							"variable": [
								{
									"key": "userId",
									"value": "{{id_usager_connecter}}"
								}
							]
						}
					},
					"response": []
				},
				{
					"name": "Consulter grimpe pour un autre user",
					"event": [
						{
							"listen": "test",
							"script": {
								"exec": [
									"pm.test(\"Status code est 403\", () => {\r",
									"    pm.response.to.have.status(403);\r",
									"});\r",
									"\r",
									"pm.test(\"Body est vide\", () => {\r",
									"    pm.response.to.have.body(\"\");\r",
									"});"
								],
								"type": "text/javascript"
							}
						}
					],
					"request": {
						"auth": {
							"type": "bearer",
							"bearer": [
								{
									"key": "token",
									"value": "{{token}}",
									"type": "string"
								}
							]
						},
						"method": "GET",
						"header": [],
						"url": {
							"raw": "{{url_base}}/api/grimpes/:userId",
							"host": [
								"{{url_base}}"
							],
							"path": [
								"api",
								"grimpes",
								":userId"
							],
							"variable": [
								{
									"key": "userId",
									"value": "532"
								}
							]
						}
					},
					"response": []
				},
				{
					"name": "Consulter grimpe pour un user pas auth",
					"event": [
						{
							"listen": "test",
							"script": {
								"exec": [
									"pm.test(\"Status code est 401\", () => {\r",
									"    pm.response.to.have.status(401);\r",
									"});\r",
									"\r",
									"pm.test(\"Body est vide\", () => {\r",
									"    pm.response.to.have.body(\"\");\r",
									"});"
								],
								"type": "text/javascript"
							}
						}
					],
					"request": {
						"auth": {
							"type": "bearer",
							"bearer": [
								{
									"key": "token",
									"value": "{{tokenVide}}",
									"type": "string"
								}
							]
						},
						"method": "GET",
						"header": [],
						"url": {
							"raw": "{{url_base}}/api/grimpes/:userId",
							"host": [
								"{{url_base}}"
							],
							"path": [
								"api",
								"grimpes",
								":userId"
							],
							"variable": [
								{
									"key": "userId",
									"value": "1"
								}
							]
						}
					},
					"response": []
				},
				{
					"name": "Consulter grimpe pour un user pour edit pas auth",
					"event": [
						{
							"listen": "test",
							"script": {
								"exec": [
									"pm.test(\"Status code est 401\", () => {\r",
									"    pm.response.to.have.status(401);\r",
									"});\r",
									"\r",
									"pm.test(\"Body est vide\", () => {\r",
									"    pm.response.to.have.body(\"\");\r",
									"});"
								],
								"type": "text/javascript"
							}
						}
					],
					"request": {
						"auth": {
							"type": "bearer",
							"bearer": [
								{
									"key": "token",
									"value": "{{tokenVide}}",
									"type": "string"
								}
							]
						},
						"method": "GET",
						"header": [],
						"url": {
							"raw": "{{url_base}}/api/grimpe/:userId/:id",
							"host": [
								"{{url_base}}"
							],
							"path": [
								"api",
								"grimpe",
								":userId",
								":id"
							],
							"variable": [
								{
									"key": "userId",
									"value": "{{id_usager_connecter}}"
								},
								{
									"key": "id",
									"value": "1"
								}
							]
						}
					},
					"response": []
				},
				{
					"name": "Consulter grimpe pour un user reussie",
					"event": [
						{
							"listen": "test",
							"script": {
								"exec": [
									"pm.test(\"Status code est 200\", () => {\r",
									"    pm.response.to.have.status(200);\r",
									"});\r",
									"\r",
									"pm.test(\"Body n'est pas vide\", () => {\r",
									"    pm.expect(pm.response).not.be.undefined;\r",
									"});\r",
									"\r",
									"var response = pm.response.json();\r",
									"\r",
									"pm.test(\"id n'est pas vide.\", function () {\r",
									"    pm.expect(response.id).not.eql(null);\r",
									"});\r",
									"\r",
									"pm.test(\"titre n'est pas vide.\", function () {\r",
									"    pm.expect(response.titre).not.eql(null);\r",
									"});\r",
									"\r",
									"pm.test(\"style n'est pas vide.\", function () {\r",
									"    pm.expect(response.style).not.eql(null);\r",
									"});\r",
									"\r",
									"pm.test(\"description n'est pas vide.\", function () {\r",
									"    pm.expect(response.description).not.eql(null);\r",
									"});\r",
									"\r",
									"pm.test(\"difficulte n'est pas vide.\", function () {\r",
									"    pm.expect(response.difficulte).not.eql(null);\r",
									"});\r",
									"\r",
									"pm.test(\"nbEtoiles n'est pas vide.\", function () {\r",
									"    pm.expect(response.nbEtoiles).not.eql(null);\r",
									"});\r",
									"\r",
									"pm.test(\"nbVotes n'est pas vide.\", function () {\r",
									"    pm.expect(response.nbVotes).not.eql(null);\r",
									"});\r",
									"\r",
									"pm.test(\"utilisateurId n'est pas vide.\", function () {\r",
									"    pm.expect(response.utilisateurId).not.eql(null);\r",
									"});\r",
									"\r",
									"pm.test(\"lieuxId n'est pas vide.\", function () {\r",
									"    pm.expect(response.lieuxId).not.eql(null);\r",
									"});\r",
									"\r",
									"pm.test(\"images n'est pas vide.\", function () {\r",
									"    pm.expect(response.images).not.eql(null);\r",
									"});\r",
									"\r",
									"pm.test(\"lieux n'est pas vide.\", function () {\r",
									"    pm.expect(response.lieux).not.eql(null);\r",
									"});\r",
									"\r",
									"pm.test(\"Content-Type est present\", function () {\r",
									"    pm.response.to.have.header(\"Content-Type\");\r",
									"});"
								],
								"type": "text/javascript"
							}
						}
					],
					"request": {
						"auth": {
							"type": "bearer",
							"bearer": [
								{
									"key": "token",
									"value": "{{token}}",
									"type": "string"
								}
							]
						},
						"method": "GET",
						"header": [],
						"url": {
							"raw": "{{url_base}}/api/grimpe/:userId/:id",
							"host": [
								"{{url_base}}"
							],
							"path": [
								"api",
								"grimpe",
								":userId",
								":id"
							],
							"variable": [
								{
									"key": "userId",
									"value": "{{id_usager_connecter}}"
								},
								{
									"key": "id",
									"value": "1"
								}
							]
						}
					},
					"response": []
				},
				{
					"name": "Consulter grimpe existe pas pour un user",
					"event": [
						{
							"listen": "test",
							"script": {
								"exec": [
									"pm.test(\"Status code est 404\", () => {\r",
									"    pm.response.to.have.status(404);\r",
									"});\r",
									"\r",
									"pm.test(\"Body est vide\", () => {\r",
									"    pm.response.to.have.body(\"\");\r",
									"});"
								],
								"type": "text/javascript"
							}
						}
					],
					"request": {
						"auth": {
							"type": "bearer",
							"bearer": [
								{
									"key": "token",
									"value": "{{token}}",
									"type": "string"
								}
							]
						},
						"method": "GET",
						"header": [],
						"url": {
							"raw": "{{url_base}}/api/grimpe/:userId/:id",
							"host": [
								"{{url_base}}"
							],
							"path": [
								"api",
								"grimpe",
								":userId",
								":id"
							],
							"variable": [
								{
									"key": "userId",
									"value": "{{id_usager_connecter}}"
								},
								{
									"key": "id",
									"value": "100"
								}
							]
						}
					},
					"response": []
				},
				{
					"name": "Consulter grimpe pour un autre user",
					"event": [
						{
							"listen": "test",
							"script": {
								"exec": [
									"pm.test(\"Status code est 403\", () => {\r",
									"    pm.response.to.have.status(403);\r",
									"});\r",
									"\r",
									"pm.test(\"Body est vide\", () => {\r",
									"    pm.response.to.have.body(\"\");\r",
									"});"
								],
								"type": "text/javascript"
							}
						}
					],
					"request": {
						"auth": {
							"type": "bearer",
							"bearer": [
								{
									"key": "token",
									"value": "{{token}}",
									"type": "string"
								}
							]
						},
						"method": "GET",
						"header": [],
						"url": {
							"raw": "{{url_base}}/api/grimpe/:userId/:id",
							"host": [
								"{{url_base}}"
							],
							"path": [
								"api",
								"grimpe",
								":userId",
								":id"
							],
							"variable": [
								{
									"key": "userId",
									"value": "2"
								},
								{
									"key": "id",
									"value": "1"
								}
							]
						}
					},
					"response": []
				},
				{
					"name": "Créé grimpe pas auth",
					"event": [
						{
							"listen": "test",
							"script": {
								"exec": [
									"pm.test(\"Status code est 401\", () => {\r",
									"    pm.response.to.have.status(401);\r",
									"});\r",
									"\r",
									"pm.test(\"Body est vide\", () => {\r",
									"    pm.response.to.have.body(\"\");\r",
									"});"
								],
								"type": "text/javascript"
							}
						}
					],
					"request": {
						"auth": {
							"type": "bearer",
							"bearer": [
								{
									"key": "token",
									"value": "{{tokenVide}}",
									"type": "string"
								}
							]
						},
						"method": "POST",
						"header": [],
						"body": {
							"mode": "raw",
							"raw": "{\r\n    \"titre\": \"Un titre\",\r\n    \"style\": \"Traditionnelle\",\r\n    \"description\": \"Une belle description\",\r\n    \"difficulte\": \"15\",\r\n    \"lieuxId\": 1,\r\n    \"imgsBase64\": []\r\n}",
							"options": {
								"raw": {
									"language": "json"
								}
							}
						},
						"url": {
							"raw": "{{url_base}}/api/grimpe/create",
							"host": [
								"{{url_base}}"
							],
							"path": [
								"api",
								"grimpe",
								"create"
							]
						}
					},
					"response": []
				},
				{
					"name": "Modifier grimpe existe pas",
					"event": [
						{
							"listen": "test",
							"script": {
								"exec": [
									"pm.test(\"Status code est 404\", () => {\r",
									"    pm.response.to.have.status(404);\r",
									"});\r",
									"\r",
									"pm.test(\"Body est vide\", () => {\r",
									"    pm.response.to.have.body(\"\");\r",
									"});"
								],
								"type": "text/javascript"
							}
						}
					],
					"request": {
						"auth": {
							"type": "bearer",
							"bearer": [
								{
									"key": "token",
									"value": "{{token}}",
									"type": "string"
								}
							]
						},
						"method": "PUT",
						"header": [],
						"body": {
							"mode": "raw",
							"raw": "{\r\n    \"id\": 1000,\r\n    \"titre\": \"Un titre\",\r\n    \"style\": \"Traditionnelle\",\r\n    \"description\": \"Une belle description\",\r\n    \"difficulte\": \"10\",\r\n    \"lieuxId\": 1\r\n}",
							"options": {
								"raw": {
									"language": "json"
								}
							}
						},
						"url": {
							"raw": "{{url_base}}/api/grimpe/:id",
							"host": [
								"{{url_base}}"
							],
							"path": [
								"api",
								"grimpe",
								":id"
							],
							"variable": [
								{
									"key": "id",
									"value": "1321"
								}
							]
						}
					},
					"response": []
				},
				{
					"name": "Modifier grimpe pas auth",
					"event": [
						{
							"listen": "test",
							"script": {
								"exec": [
									"pm.test(\"Status code est 401\", () => {\r",
									"    pm.response.to.have.status(401);\r",
									"});\r",
									"\r",
									"pm.test(\"Body est vide\", () => {\r",
									"    pm.response.to.have.body(\"\");\r",
									"});"
								],
								"type": "text/javascript"
							}
						}
					],
					"request": {
						"auth": {
							"type": "bearer",
							"bearer": [
								{
									"key": "token",
									"value": "{{tokenVide}}",
									"type": "string"
								}
							]
						},
						"method": "PUT",
						"header": [],
						"body": {
							"mode": "raw",
							"raw": "{\r\n    \"id\": 1,\r\n    \"titre\": \"Un titre\",\r\n    \"style\": \"Traditionnelle\",\r\n    \"description\": \"Une belle description\",\r\n    \"difficulte\": \"10\",\r\n    \"lieuxId\": 1\r\n}",
							"options": {
								"raw": {
									"language": "json"
								}
							}
						},
						"url": {
							"raw": "{{url_base}}/api/grimpe/:id",
							"host": [
								"{{url_base}}"
							],
							"path": [
								"api",
								"grimpe",
								":id"
							],
							"variable": [
								{
									"key": "id",
									"value": "3"
								}
							]
						}
					},
					"response": []
				},
				{
					"name": "Modifier grimpe pas a lui",
					"event": [
						{
							"listen": "test",
							"script": {
								"exec": [
									"pm.test(\"Status code est 403\", () => {\r",
									"    pm.response.to.have.status(403);\r",
									"});\r",
									"\r",
									"pm.test(\"Body est vide\", () => {\r",
									"    pm.response.to.have.body(\"\");\r",
									"});"
								],
								"type": "text/javascript"
							}
						}
					],
					"request": {
						"auth": {
							"type": "bearer",
							"bearer": [
								{
									"key": "token",
									"value": "{{token}}",
									"type": "string"
								}
							]
						},
						"method": "PUT",
						"header": [],
						"body": {
							"mode": "raw",
							"raw": "{\r\n    \"id\": 10,\r\n    \"titre\": \"Un titre\",\r\n    \"style\": \"Traditionnelle\",\r\n    \"description\": \"Une belle description\",\r\n    \"difficulte\": \"10\",\r\n    \"lieuxId\": 1\r\n}",
							"options": {
								"raw": {
									"language": "json"
								}
							}
						},
						"url": {
							"raw": "{{url_base}}/api/grimpe/:id",
							"host": [
								"{{url_base}}"
							],
							"path": [
								"api",
								"grimpe",
								":id"
							],
							"variable": [
								{
									"key": "id",
									"value": "3"
								}
							]
						}
					},
					"response": []
				},
				{
					"name": "Consulter grimpe par id réussie",
					"event": [
						{
							"listen": "test",
							"script": {
								"exec": [
									"pm.test(\"Status code est 200\", () => {\r",
									"    pm.response.to.have.status(200);\r",
									"});\r",
									"\r",
									"pm.test(\"Body n'est pas vide\", () => {\r",
									"    pm.expect(pm.response).not.be.undefined;\r",
									"});\r",
									"\r",
									"var response = pm.response.json();\r",
									"\r",
									"pm.test(\"id n'est pas vide.\", function () {\r",
									"    pm.expect(response.id).not.eql(null);\r",
									"});\r",
									"\r",
									"pm.test(\"titre n'est pas vide.\", function () {\r",
									"    pm.expect(response.titre).not.eql(null);\r",
									"});\r",
									"\r",
									"pm.test(\"style n'est pas vide.\", function () {\r",
									"    pm.expect(response.style).not.eql(null);\r",
									"});\r",
									"\r",
									"pm.test(\"description n'est pas vide.\", function () {\r",
									"    pm.expect(response.description).not.eql(null);\r",
									"});\r",
									"\r",
									"pm.test(\"difficulte n'est pas vide.\", function () {\r",
									"    pm.expect(response.difficulte).not.eql(null);\r",
									"});\r",
									"\r",
									"pm.test(\"nbEtoiles n'est pas vide.\", function () {\r",
									"    pm.expect(response.nbEtoiles).not.eql(null);\r",
									"});\r",
									"\r",
									"pm.test(\"nbVotes n'est pas vide.\", function () {\r",
									"    pm.expect(response.nbVotes).not.eql(null);\r",
									"});\r",
									"\r",
									"pm.test(\"utilisateurId n'est pas vide.\", function () {\r",
									"    pm.expect(response.utilisateurId).not.eql(null);\r",
									"});\r",
									"\r",
									"pm.test(\"lieuxId n'est pas vide.\", function () {\r",
									"    pm.expect(response.lieuxId).not.eql(null);\r",
									"});\r",
									"\r",
									"pm.test(\"images n'est pas vide.\", function () {\r",
									"    pm.expect(response.images).not.eql(null);\r",
									"});\r",
									"\r",
									"pm.test(\"lieux n'est pas vide.\", function () {\r",
									"    pm.expect(response.lieux).not.eql(null);\r",
									"});\r",
									"\r",
									"pm.test(\"Content-Type est present\", function () {\r",
									"    pm.response.to.have.header(\"Content-Type\");\r",
									"});"
								],
								"type": "text/javascript"
							}
						}
					],
					"request": {
						"auth": {
							"type": "noauth"
						},
						"method": "GET",
						"header": [],
						"url": {
							"raw": "{{url_base}}/api/grimpe/:id",
							"host": [
								"{{url_base}}"
							],
							"path": [
								"api",
								"grimpe",
								":id"
							],
							"variable": [
								{
									"key": "id",
									"value": "1"
								}
							]
						}
					},
					"response": []
				},
				{
					"name": "Consulter grimpe par id existe pas",
					"event": [
						{
							"listen": "test",
							"script": {
								"exec": [
									"pm.test(\"Status code est 404\", () => {\r",
									"    pm.response.to.have.status(404);\r",
									"});\r",
									"\r",
									"pm.test(\"Body est vide\", () => {\r",
									"    pm.response.to.have.body(\"\");\r",
									"});"
								],
								"type": "text/javascript"
							}
						}
					],
					"request": {
						"auth": {
							"type": "noauth"
						},
						"method": "GET",
						"header": [],
						"url": {
							"raw": "{{url_base}}/api/grimpe/:id",
							"host": [
								"{{url_base}}"
							],
							"path": [
								"api",
								"grimpe",
								":id"
							],
							"variable": [
								{
									"key": "id",
									"value": "100"
								}
							]
						}
					},
					"response": []
				},
				{
					"name": "Consulter grimpes filtrer réussie",
					"event": [
						{
							"listen": "test",
							"script": {
								"exec": [
									"pm.test(\"Status code est 200\", () => {\r",
									"    pm.response.to.have.status(200);\r",
									"});\r",
									"\r",
									"pm.test(\"Body n'est pas vide\", () => {\r",
									"    pm.expect(pm.response).not.be.undefined;\r",
									"});\r",
									"\r",
									"pm.test(\"Content-Type est present\", function () {\r",
									"    pm.response.to.have.header(\"Content-Type\");\r",
									"});"
								],
								"type": "text/javascript"
							}
						}
					],
					"request": {
						"method": "POST",
						"header": [],
						"body": {
							"mode": "raw",
							"raw": "{\r\n    \"stars\": 10,\r\n    \"style\": \"Traditionnelle\"\r\n}",
							"options": {
								"raw": {
									"language": "json"
								}
							}
						},
						"url": {
							"raw": "{{url_base}}/api/grimpes/filtre",
							"host": [
								"{{url_base}}"
							],
							"path": [
								"api",
								"grimpes",
								"filtre"
							]
						}
					},
					"response": []
				},
				{
					"name": "supprimer grimpe pas auth",
					"event": [
						{
							"listen": "test",
							"script": {
								"exec": [
									"pm.test(\"Status code est 401\", () => {\r",
									"    pm.response.to.have.status(401);\r",
									"});\r",
									"\r",
									"pm.test(\"Body est vide\", () => {\r",
									"    pm.response.to.have.body(\"\");\r",
									"});"
								],
								"type": "text/javascript"
							}
						}
					],
					"request": {
						"auth": {
							"type": "bearer",
							"bearer": [
								{
									"key": "token",
									"value": "{{tokenVide}}",
									"type": "string"
								}
							]
						},
						"method": "DELETE",
						"header": [],
						"url": {
							"raw": "{{url_base}}/api/grimpe/:id",
							"host": [
								"{{url_base}}"
							],
							"path": [
								"api",
								"grimpe",
								":id"
							],
							"variable": [
								{
									"key": "id",
									"value": "3"
								}
							]
						}
					},
					"response": []
				},
				{
					"name": "supprimer grimpe pas admin",
					"event": [
						{
							"listen": "test",
							"script": {
								"exec": [
									"pm.test(\"Status code est 403\", () => {\r",
									"    pm.response.to.have.status(403);\r",
									"});\r",
									"\r",
									"pm.test(\"Body est vide\", () => {\r",
									"    pm.response.to.have.body(\"\");\r",
									"});"
								],
								"type": "text/javascript"
							}
						}
					],
					"request": {
						"auth": {
							"type": "bearer",
							"bearer": [
								{
									"key": "token",
									"value": "{{token}}",
									"type": "string"
								}
							]
						},
						"method": "DELETE",
						"header": [],
						"url": {
							"raw": "{{url_base}}/api/grimpe/:id",
							"host": [
								"{{url_base}}"
							],
							"path": [
								"api",
								"grimpe",
								":id"
							],
							"variable": [
								{
									"key": "id",
									"value": "3"
								}
							]
						}
					},
					"response": []
				}
			]
		},
		{
			"name": "votes test",
			"item": [
				{
					"name": "Nouveau vote pas auth",
					"event": [
						{
							"listen": "test",
							"script": {
								"exec": [
									"pm.test(\"Status code est 401\", () => {\r",
									"    pm.response.to.have.status(401);\r",
									"});\r",
									"\r",
									"pm.test(\"Body est vide\", () => {\r",
									"    pm.response.to.have.body(\"\");\r",
									"});"
								],
								"type": "text/javascript"
							}
						}
					],
					"request": {
						"auth": {
							"type": "bearer",
							"bearer": [
								{
									"key": "token",
									"value": "{{tokenVide}}",
									"type": "string"
								}
							]
						},
						"method": "POST",
						"header": [],
						"body": {
							"mode": "raw",
							"raw": "{\r\n    \"stars\": 5,\r\n    \"grimpeId\": 1\r\n}",
							"options": {
								"raw": {
									"language": "json"
								}
							}
						},
						"url": {
							"raw": "{{url_base}}/api/vote/nouveau",
							"host": [
								"{{url_base}}"
							],
							"path": [
								"api",
								"vote",
								"nouveau"
							]
						}
					},
					"response": []
				},
				{
					"name": "Consulter vote pour un user",
					"event": [
						{
							"listen": "test",
							"script": {
								"exec": [
									"pm.test(\"Status code est 200\", () => {\r",
									"    pm.response.to.have.status(200);\r",
									"});\r",
									"\r",
									"pm.test(\"Body n'est pas vide\", () => {\r",
									"    pm.expect(pm.response).not.be.undefined;\r",
									"});\r",
									"\r",
									"var response = pm.response.json();\r",
									"\r",
									"pm.test(\"id n'est pas vide.\", function () {\r",
									"    pm.expect(response.id).not.eql(null);\r",
									"});\r",
									"\r",
									"pm.test(\"titre n'est pas vide.\", function () {\r",
									"    pm.expect(response.titre).not.eql(null);\r",
									"});\r",
									"\r",
									"pm.test(\"style n'est pas vide.\", function () {\r",
									"    pm.expect(response.style).not.eql(null);\r",
									"});\r",
									"\r",
									"pm.test(\"description n'est pas vide.\", function () {\r",
									"    pm.expect(response.description).not.eql(null);\r",
									"});\r",
									"\r",
									"pm.test(\"difficulte n'est pas vide.\", function () {\r",
									"    pm.expect(response.difficulte).not.eql(null);\r",
									"});\r",
									"\r",
									"pm.test(\"nbEtoiles n'est pas vide.\", function () {\r",
									"    pm.expect(response.nbEtoiles).not.eql(null);\r",
									"});\r",
									"\r",
									"pm.test(\"nbVotes n'est pas vide.\", function () {\r",
									"    pm.expect(response.nbVotes).not.eql(null);\r",
									"});\r",
									"\r",
									"pm.test(\"utilisateurId n'est pas vide.\", function () {\r",
									"    pm.expect(response.utilisateurId).not.eql(null);\r",
									"});\r",
									"\r",
									"pm.test(\"lieuxId n'est pas vide.\", function () {\r",
									"    pm.expect(response.lieuxId).not.eql(null);\r",
									"});\r",
									"\r",
									"pm.test(\"images n'est pas vide.\", function () {\r",
									"    pm.expect(response.images).not.eql(null);\r",
									"});\r",
									"\r",
									"pm.test(\"lieux n'est pas vide.\", function () {\r",
									"    pm.expect(response.lieux).not.eql(null);\r",
									"});\r",
									"\r",
									"pm.test(\"Content-Type est present\", function () {\r",
									"    pm.response.to.have.header(\"Content-Type\");\r",
									"});"
								],
								"type": "text/javascript"
							}
						}
					],
					"request": {
						"auth": {
							"type": "bearer",
							"bearer": [
								{
									"key": "token",
									"value": "{{token}}",
									"type": "string"
								}
							]
						},
						"method": "GET",
						"header": [],
						"url": {
							"raw": "{{url_base}}/api/votes/:userId",
							"host": [
								"{{url_base}}"
							],
							"path": [
								"api",
								"votes",
								":userId"
							],
							"variable": [
								{
									"key": "userId",
									"value": "{{id_usager_connecter}}"
								}
							]
						}
					},
					"response": []
				},
				{
					"name": "Consulter vote pour un autre user",
					"event": [
						{
							"listen": "test",
							"script": {
								"exec": [
									"pm.test(\"Status code est 403\", () => {\r",
									"    pm.response.to.have.status(403);\r",
									"});\r",
									"\r",
									"pm.test(\"Body est vide\", () => {\r",
									"    pm.response.to.have.body(\"\");\r",
									"});"
								],
								"type": "text/javascript"
							}
						}
					],
					"request": {
						"auth": {
							"type": "bearer",
							"bearer": [
								{
									"key": "token",
									"value": "{{token}}",
									"type": "string"
								}
							]
						},
						"method": "GET",
						"header": [],
						"url": {
							"raw": "{{url_base}}/api/votes/:userId",
							"host": [
								"{{url_base}}"
							],
							"path": [
								"api",
								"votes",
								":userId"
							],
							"variable": [
								{
									"key": "userId",
									"value": "2"
								}
							]
						}
					},
					"response": []
				},
				{
					"name": "Consulter vote pour un user pas auth",
					"event": [
						{
							"listen": "test",
							"script": {
								"exec": [
									"pm.test(\"Status code est 401\", () => {\r",
									"    pm.response.to.have.status(401);\r",
									"});\r",
									"\r",
									"pm.test(\"Body est vide\", () => {\r",
									"    pm.response.to.have.body(\"\");\r",
									"});"
								],
								"type": "text/javascript"
							}
						}
					],
					"request": {
						"auth": {
							"type": "bearer",
							"bearer": [
								{
									"key": "token",
									"value": "{{tokenVide}}",
									"type": "string"
								}
							]
						},
						"method": "GET",
						"header": [],
						"url": {
							"raw": "{{url_base}}/api/votes/:userId",
							"host": [
								"{{url_base}}"
							],
							"path": [
								"api",
								"votes",
								":userId"
							],
							"variable": [
								{
									"key": "userId",
									"value": "1"
								}
							]
						}
					},
					"response": []
				}
			]
		},
		{
			"name": "utilisateurs test",
			"item": [
				{
					"name": "Changer nom pas auth",
					"event": [
						{
							"listen": "test",
							"script": {
								"exec": [
									"pm.test(\"Status code est 401\", () => {\r",
									"    pm.response.to.have.status(401);\r",
									"});\r",
									"\r",
									"pm.test(\"Body est vide\", () => {\r",
									"    pm.response.to.have.body(\"\");\r",
									"});"
								],
								"type": "text/javascript"
							}
						}
					],
					"request": {
						"auth": {
							"type": "bearer",
							"bearer": [
								{
									"key": "token",
									"value": "{{tokenVide}}",
									"type": "string"
								}
							]
						},
						"method": "PUT",
						"header": [],
						"body": {
							"mode": "raw",
							"raw": "",
							"options": {
								"raw": {
									"language": "json"
								}
							}
						},
						"url": {
							"raw": "{{url_base}}/api/utilisateur",
							"host": [
								"{{url_base}}"
							],
							"path": [
								"api",
								"utilisateur"
							]
						}
					},
					"response": []
				}
			]
		},
		{
			"name": "images test",
			"item": [
				{
					"name": "Supp image pas auth",
					"event": [
						{
							"listen": "test",
							"script": {
								"exec": [
									"pm.test(\"Status code est 401\", () => {\r",
									"    pm.response.to.have.status(401);\r",
									"});\r",
									"\r",
									"pm.test(\"Body est vide\", () => {\r",
									"    pm.response.to.have.body(\"\");\r",
									"});"
								],
								"type": "text/javascript"
							}
						}
					],
					"request": {
						"auth": {
							"type": "bearer",
							"bearer": [
								{
									"key": "token",
									"value": "{{tokenVide}}",
									"type": "string"
								}
							]
						},
						"method": "DELETE",
						"header": [],
						"url": {
							"raw": "{{url_base}}/api/image/:id",
							"host": [
								"{{url_base}}"
							],
							"path": [
								"api",
								"image",
								":id"
							],
							"variable": [
								{
									"key": "id",
									"value": "1"
								}
							]
						}
					},
					"response": []
				},
				{
					"name": "Ajouter image pas auth",
					"event": [
						{
							"listen": "test",
							"script": {
								"exec": [
									"pm.test(\"Status code est 401\", () => {\r",
									"    pm.response.to.have.status(401);\r",
									"});\r",
									"\r",
									"pm.test(\"Body est vide\", () => {\r",
									"    pm.response.to.have.body(\"\");\r",
									"});"
								],
								"type": "text/javascript"
							}
						}
					],
					"request": {
						"auth": {
							"type": "bearer",
							"bearer": [
								{
									"key": "token",
									"value": "{{tokenVide}}",
									"type": "string"
								}
							]
						},
						"method": "POST",
						"header": [],
						"url": {
							"raw": "{{url_base}}/api/image",
							"host": [
								"{{url_base}}"
							],
							"path": [
								"api",
								"image"
							]
						}
					},
					"response": []
				}
			]
		}
	]
}